{
  "hash": "999c1c2b",
  "configHash": "c63b99a4",
  "lockfileHash": "58c6d40a",
  "browserHash": "47b3ac8a",
  "optimized": {
    "@angular/core": {
      "src": "../../../../../../node_modules/@angular/core/fesm2022/core.mjs",
      "file": "@angular_core.js",
      "fileHash": "490aa91f",
      "needsInterop": false
    },
    "@angular/platform-browser": {
      "src": "../../../../../../node_modules/@angular/platform-browser/fesm2022/platform-browser.mjs",
      "file": "@angular_platform-browser.js",
      "fileHash": "4da540b4",
      "needsInterop": false
    },
    "@angular/router": {
      "src": "../../../../../../node_modules/@angular/router/fesm2022/router.mjs",
      "file": "@angular_router.js",
      "fileHash": "88b8188e",
      "needsInterop": false
    }
  },
  "chunks": {
    "chunk-DDSXTL3A": {
      "file": "chunk-DDSXTL3A.js"
    },
    "chunk-GZKEX4RU": {
      "file": "chunk-GZKEX4RU.js"
    }
  }
}