{
  "hash": "3df81480",
  "configHash": "9b564cb8",
  "lockfileHash": "58c6d40a",
  "browserHash": "c190a1ee",
  "optimized": {
    "@angular/core": {
      "src": "../../../../../../node_modules/@angular/core/fesm2022/core.mjs",
      "file": "@angular_core.js",
      "fileHash": "1879bc50",
      "needsInterop": false
    },
    "@angular/platform-browser": {
      "src": "../../../../../../node_modules/@angular/platform-browser/fesm2022/platform-browser.mjs",
      "file": "@angular_platform-browser.js",
      "fileHash": "25292825",
      "needsInterop": false
    },
    "@angular/platform-server": {
      "src": "../../../../../../node_modules/@angular/platform-server/fesm2022/platform-server.mjs",
      "file": "@angular_platform-server.js",
      "fileHash": "640de043",
      "needsInterop": false
    },
    "@angular/router": {
      "src": "../../../../../../node_modules/@angular/router/fesm2022/router.mjs",
      "file": "@angular_router.js",
      "fileHash": "e11e4067",
      "needsInterop": false
    },
    "@angular/ssr": {
      "src": "../../../../../../node_modules/@angular/ssr/fesm2022/ssr.mjs",
      "file": "@angular_ssr.js",
      "fileHash": "73729371",
      "needsInterop": false
    },
    "@angular/ssr/node": {
      "src": "../../../../../../node_modules/@angular/ssr/fesm2022/node.mjs",
      "file": "@angular_ssr_node.js",
      "fileHash": "f21e4a17",
      "needsInterop": false
    },
    "express": {
      "src": "../../../../../../node_modules/express/index.js",
      "file": "express.js",
      "fileHash": "062c37ef",
      "needsInterop": true
    }
  },
  "chunks": {
    "chunk-AR6IXM4V": {
      "file": "chunk-AR6IXM4V.js"
    },
    "chunk-NLOHPSEA": {
      "file": "chunk-NLOHPSEA.js"
    },
    "chunk-QSAO6LAI": {
      "file": "chunk-QSAO6LAI.js"
    },
    "chunk-ZI5JGHU3": {
      "file": "chunk-ZI5JGHU3.js"
    },
    "chunk-PEAVEDUD": {
      "file": "chunk-PEAVEDUD.js"
    },
    "xhr2-TXIMV6CV": {
      "file": "xhr2-TXIMV6CV.js"
    },
    "chunk-YHCV7DAQ": {
      "file": "chunk-YHCV7DAQ.js"
    }
  }
}